{
  "variants": {
    "v3": {
      "logo": {
        "n_covered": 3094,
        "coverage": 1.0,
        "raw": {
          "mae": 0.24229577856827134,
          "brier": 0.18380782918016927,
          "pr_auc": 0.7610206448245653
        },
        "platt": {
          "mae": 0.2774308634161825,
          "brier": 0.20540075998837548,
          "pr_auc": 0.7603332673466621
        },
        "isotonic": {
          "mae": 0.2712374615957049,
          "brier": 0.2017172799185782,
          "pr_auc": 0.7601831208882874
        }
      },
      "dual": {
        "per_seed": {
          "42": {
            "n_covered": 635,
            "coverage": 0.20523594053005817,
            "raw": {
              "mae": 0.33335672574484443,
              "brier": 0.2570928712918177,
              "pr_auc": 0.6274638567391193
            },
            "platt": {
              "mae": 0.36317489462935615,
              "brier": 0.25274778497733397,
              "pr_auc": 0.625346279088323
            },
            "isotonic": {
              "mae": 0.36124101971101685,
              "brier": 0.255286675147881,
              "pr_auc": 0.6361856074862655
            }
          },
          "123": {
            "n_covered": 612,
            "coverage": 0.1978021978021978,
            "raw": {
              "mae": 0.31212798116205176,
              "brier": 0.23561114035180586,
              "pr_auc": 0.676473301945328
            },
            "platt": {
              "mae": 0.3500802652731509,
              "brier": 0.24808413285575875,
              "pr_auc": 0.6668356794651525
            },
            "isotonic": {
              "mae": 0.34821266896712766,
              "brier": 0.24932887776713591,
              "pr_auc": 0.6770748832525375
            }
          },
          "7": {
            "n_covered": 623,
            "coverage": 0.20135746606334842,
            "raw": {
              "mae": 0.30381618806581057,
              "brier": 0.2391843349818174,
              "pr_auc": 0.6550706596941187
            },
            "platt": {
              "mae": 0.33555687446475807,
              "brier": 0.2423635431494954,
              "pr_auc": 0.6507677777940744
            },
            "isotonic": {
              "mae": 0.33592698433770185,
              "brier": 0.24439491668506738,
              "pr_auc": 0.6566743889067569
            }
          }
        },
        "mean": {
          "raw": {
            "mae": 0.31643363165756894,
            "brier": 0.2439627822084803,
            "pr_auc": 0.6530026061261887,
            "mae_std": 0.01243824240621815,
            "pr_auc_std": 0.020061390181556265
          },
          "platt": {
            "mae": 0.34960401145575504,
            "brier": 0.24773182032752936,
            "pr_auc": 0.64764991211585,
            "mae_std": 0.011280037610072484,
            "pr_auc_std": 0.017080854793165432
          },
          "isotonic": {
            "mae": 0.34846022433861545,
            "brier": 0.24967015653336144,
            "pr_auc": 0.6566449598818532,
            "mae_std": 0.010335894074109736,
            "pr_auc_std": 0.016692989900418072
          }
        },
        "note": "各种子内 5 折合并 OOF（覆盖 ~20.5%）上 cross-fit 评估"
      }
    },
    "v4": {
      "logo": {
        "n_covered": 3094,
        "coverage": 1.0,
        "raw": {
          "mae": 0.22609436318106962,
          "brier": 0.16644406753390859,
          "pr_auc": 0.8783893236030069
        },
        "platt": {
          "mae": 0.24448934551676513,
          "brier": 0.17906317482218742,
          "pr_auc": 0.8777097308875494
        },
        "isotonic": {
          "mae": 0.2349760832098837,
          "brier": 0.17435242500301842,
          "pr_auc": 0.8754072489732976
        }
      },
      "dual": {
        "per_seed": {
          "42": {
            "n_covered": 635,
            "coverage": 0.20523594053005817,
            "raw": {
              "mae": 0.35683219289216467,
              "brier": 0.254793336672981,
              "pr_auc": 0.6609335699097829
            },
            "platt": {
              "mae": 0.35846696731222644,
              "brier": 0.25017675214752194,
              "pr_auc": 0.7047594272263755
            },
            "isotonic": {
              "mae": 0.35851295715809633,
              "brier": 0.24909705376350777,
              "pr_auc": 0.6526659957363456
            }
          },
          "123": {
            "n_covered": 612,
            "coverage": 0.1978021978021978,
            "raw": {
              "mae": 0.3480738114882139,
              "brier": 0.2504776791755865,
              "pr_auc": 0.6282744807954979
            },
            "platt": {
              "mae": 0.35756167674708494,
              "brier": 0.25131789676487876,
              "pr_auc": 0.6750892736340981
            },
            "isotonic": {
              "mae": 0.3587804205689971,
              "brier": 0.2525392930780451,
              "pr_auc": 0.6318525009575731
            }
          },
          "7": {
            "n_covered": 623,
            "coverage": 0.20135746606334842,
            "raw": {
              "mae": 0.32267762339325623,
              "brier": 0.24285837090387905,
              "pr_auc": 0.6361818016808862
            },
            "platt": {
              "mae": 0.32973088136706963,
              "brier": 0.23929721896917674,
              "pr_auc": 0.7374011956336389
            },
            "isotonic": {
              "mae": 0.3374044483839361,
              "brier": 0.24496633733366743,
              "pr_auc": 0.6513750683874426
            }
          }
        },
        "mean": {
          "raw": {
            "mae": 0.3425278759245449,
            "brier": 0.24937646225081553,
            "pr_auc": 0.6417966174620556,
            "mae_std": 0.014484513692704539,
            "pr_auc_std": 0.01391159331004313
          },
          "platt": {
            "mae": 0.3485865084754603,
            "brier": 0.24693062262719248,
            "pr_auc": 0.7057499654980375,
            "mae_std": 0.01333806315249313,
            "pr_auc_std": 0.025448376246431856
          },
          "isotonic": {
            "mae": 0.35156594203700986,
            "brier": 0.24886756139174013,
            "pr_auc": 0.6452978550271204,
            "mae_std": 0.010014283500200406,
            "pr_auc_std": 0.009521896971250261
          }
        },
        "note": "各种子内 5 折合并 OOF（覆盖 ~20.5%）上 cross-fit 评估"
      }
    }
  },
  "created": "2026-07-20 18:04:15",
  "script": "scripts/calibrate_oof.py",
  "data": {
    "path": "data/interim/v5_train_stage1_cond_filled.csv（过滤 hard_rule）",
    "n_samples": 3094,
    "label_values": [
      0.0,
      0.7,
      0.8,
      1.0
    ]
  },
  "protocols": {
    "logo": "GroupKFold-10 by aldehyde（全覆盖，无种子依赖）",
    "dual": "5 折网格分组双留出，种子 [42, 123, 7]（exp_005 同款）"
  },
  "calibrators": {
    "platt": "p=sigmoid(a*s+b)，软标签对数似然（目标=原始 y）",
    "isotonic": "sklearn IsotonicRegression(y_min=0, y_max=1)（目标=原始 y）"
  },
  "evaluation": "校准收益用 5 折 cross-fitting 估计（校准器不在被评估样本上拟合）；MAE vs 原始 y（stage11 口径），Brier/PR-AUC vs y_bin=y>=0.5。",
  "pr_auc_note": "严格单调校准在单一映射下不改变排序/PR-AUC；cross-fit 下每折一个映射，拼接后的 PR-AUC 变化（如 v4 双留出 platt PR-AUC 上升 0.04-0.10）是折间映射差异的伪影，不能解读为真实的排序收益——判定只看 MAE/Brier",
  "decision_rule": {
    "basis": "LOGO cross-fit",
    "mae_min_improvement": 0.005,
    "pr_auc_max_drop": 0.005,
    "tiebreak": "platt/isotonic 中选 LOGO cross-fit MAE 更优者"
  },
  "saved": {
    "v3": null,
    "v4": null
  },
  "conclusion": "v3: 最优校准器=isotonic，LOGO MAE 0.2423→0.2712（改善 -0.0289），PR-AUC Δ-0.0008，双留出 3 种子均值 MAE 改善 -0.0320 → 不保存；v4: 最优校准器=isotonic，LOGO MAE 0.2261→0.2350（改善 -0.0089），PR-AUC Δ-0.0030，双留出 3 种子均值 MAE 改善 -0.0090 → 不保存",
  "predictor_note": "本脚本不改 predictor 默认行为；校准器是否接入由后续决策"
}