{
 "note": "训练特征 5%–95% 包络（stage11 全量缓存），OOD 区域漂移检测键；样本关键特征超出包络比例 > 10% → warning（D27）",
 "source": "data/interim/stage11_xy_cache.pkl（v5_train_stage1_cond_filled 过滤 hard_rule 后）",
 "n_samples": 3094,
 "lower_q": 5,
 "upper_q": 95,
 "out_ratio_threshold": 0.1,
 "features": {
  "ald_mw": {
   "p05": 0.0,
   "p95": 376.20085000000006,
   "min": 0.0,
   "max": 1866.0799999999997
  },
  "amine_mw": {
   "p05": 0.0,
   "p95": 474.9934499999999,
   "min": 0.0,
   "max": 1235.5519999999997
  },
  "ald_mw_per_site": {
   "p05": 0.0,
   "p95": 179.145,
   "min": 0.0,
   "max": 828.1569999999998
  },
  "amine_mw_per_site": {
   "p05": 0.0,
   "p95": 211.89672499999998,
   "min": 0.0,
   "max": 744.9420000000003
  },
  "ald_n_aromatic_rings": {
   "p05": 0.0,
   "p95": 3.0,
   "min": 0.0,
   "max": 28.0
  },
  "amine_n_aromatic_rings": {
   "p05": 0.0,
   "p95": 5.0,
   "min": 0.0,
   "max": 16.0
  },
  "ald_n_rings": {
   "p05": 0.0,
   "p95": 4.0,
   "min": 0.0,
   "max": 28.0
  },
  "amine_n_rings": {
   "p05": 0.0,
   "p95": 5.0,
   "min": 0.0,
   "max": 16.0
  },
  "ald_tpsa": {
   "p05": 0.0,
   "p95": 91.67,
   "min": 0.0,
   "max": 532.9400000000002
  },
  "amine_tpsa": {
   "p05": 0.0,
   "p95": 140.65349999999998,
   "min": 0.0,
   "max": 420.19999999999993
  },
  "ald_aromatic_frac": {
   "p05": 0.0,
   "p95": 0.8181818181818182,
   "min": 0.0,
   "max": 1.0
  },
  "amine_aromatic_frac": {
   "p05": 0.0,
   "p95": 0.9090909090909091,
   "min": 0.0,
   "max": 1.0
  },
  "ald_3d_mol_volume": {
   "p05": 0.0,
   "p95": 333.6886,
   "min": 0.0,
   "max": 1042.9520000000002
  },
  "amine_3d_mol_volume": {
   "p05": 0.0,
   "p95": 438.7360000000001,
   "min": 0.0,
   "max": 1144.9120000000003
  },
  "ald_3d_radius_gyration": {
   "p05": 0.0,
   "p95": 4.578416314431134,
   "min": 0.0,
   "max": 10.598563251902553
  },
  "amine_3d_radius_gyration": {
   "p05": 0.0,
   "p95": 5.856212515967789,
   "min": 0.0,
   "max": 12.606007809119474
  }
 }
}